id;name;graphics_name;moment;details;misc_data
1;Productor Asistente Avon;exploit Hogar;2023-04-11T16:05:12;Sorprendente;Cambridgeshire Avon Barein
2;Masía recontextualize extensible;withdrawal Rojo;2023-04-11T12:40:26;Corporativo virtual;monitor withdrawal wireless
3;cliente;Loan;2023-04-11T00:36:50;Salud Loan;Vía Respuesta Cambridgeshire
4;Ordenador;Cantabria;2023-04-11T07:45:12;Relacciones;Samoa
5;reinvent online;engineer Account al;2023-04-11T17:22:29;optical recíproca División;revolutionize
6;Coordinador monetize Madera;payment;2023-04-11T13:08:54;Director;driver Morado
7;Mobilidad Plástico quantify;solutions;2023-04-11T15:37:11;Cambridgeshire Ingeniero;interfaz
8;Macedonia Técnico;North;2023-04-11T11:14:03;initiatives Rústico Berkshire;Market initiatives matrices
9;driver;transicional Calleja Guapo;2023-04-11T01:53:59;Increible quantify;paradigms Cantabria Negro
10;Rioja;monitorizar;2023-04-11T03:09:23;optical política;Verde desafío mindshare
