id;timestamp;details;misc_data;match_id
1;Joyería Corea USB;Rojo;RSS Gris óptima;1
2;calculate incentivize Fantástico;innovadora wireless;Granito microchip web;2
3;Monte Investment;solid Directo;data-warehouse withdrawal;3
4;Ensalada;morph;redundant;4
5;Reactivo Rampa;Islas;Guapa HTTP;5
6;Web auxiliary Técnico;Madera Comunidad Baleares;deposit Buckinghamshire Ladrillo;6
7;Queso Acero;override Andalucía;syndicate Baleares;7
8;Plástico system;Marketing;virtual;8
9;Verde reboot Savings;Masía;Bedfordshire;9
10;payment networks;payment;quantify bus Pantalones;10
