id;name;middle_name;surname_1;surname_2;nicknames;graphics_name;long_graphics_name;callnames;birth_date;death_date;medium_shot_photo;medium_shot_photo_content_type;full_shot_photo;full_shot_photo_content_type;social_media;details;misc_data
1;Andalucía;utilize;Tailandia architectures;Juguetería visualize Fantástico;navigate Toallas;Buckinghamshire bypass;caja;programming Planificador;connect;panel;../fake-data/blob/hipster.png;image/png;../fake-data/blob/hipster.png;image/png;migración;Jordania Comunidad Tácticas;Gris services Account
2;CFA Reino Central;Estonia Algodón;Rojo primary Intranet;dedicada array;Puerta Consultor withdrawal;leverage Analista;Hormigon;Pequeño Sabroso compress;Administrador;Verde compress;../fake-data/blob/hipster.png;image/png;../fake-data/blob/hipster.png;image/png;Algodón Auto Sabroso;Genérico Dinánmico Plástico;Pequeño
3;Tácticas Bahamas;Guantes International hacking;Sabroso;Bedfordshire paradigms PCI;Nacional Pataca;Virtual Central connecting;Bicicleta;networks Datos;Algodón SAS;Buckinghamshire;../fake-data/blob/hipster.png;image/png;../fake-data/blob/hipster.png;image/png;programming;Bajada Teclado calculate;users
4;Configurable;Seguro dedicada Parque;extend Pescado invoice;Forint;Borders Avon;Jefe;connect navigating synergies;Morado Dong Funcionalidad;input;asimétrica;../fake-data/blob/hipster.png;image/png;../fake-data/blob/hipster.png;image/png;program;Moda;Enfocado user-centric Consultor
5;redundant Planificador Namibia;Investment Madera;Swedish neural FTP;flexibilidad;back;Mancha;neural Paseo;Raton parse Configuración;Avenida Región Teclado;envisioneer óptima;../fake-data/blob/hipster.png;image/png;../fake-data/blob/hipster.png;image/png;experiences Acero Taiwan;bypassing;Zapatos supply-chains
6;Hormigon orchestrate calculate;Italia distributed Apartamento;Re-implementado;Guapa payment;transition collaborative Ecuador;compressing;compressing Fantástico;Investment;maximize;copying Jordania 1080p;../fake-data/blob/hipster.png;image/png;../fake-data/blob/hipster.png;image/png;JBOD Bedfordshire revolutionary;proyección frictionless compressing;Librería Canadian mindshare
7;Producto;fritas;Funcionario;instalación;Ladrillo;Violeta Moldavia;Futuro;Paradigma reboot;por;implementación monetize multi-byte;../fake-data/blob/hipster.png;image/png;../fake-data/blob/hipster.png;image/png;la trabajo;Urbanización;Account
8;e-markets reboot multitarea;digital;PCI Subida;Hormigon incubate;Pantalones HDD;Global;parsing flexibilidad reinvent;Oficial;Hormigon protocol;extranet Estratega convergence;../fake-data/blob/hipster.png;image/png;../fake-data/blob/hipster.png;image/png;Refinado cutting-edge up;Andalucía Plástico;optimize
9;compuesto payment;Director Enfocado;Berkshire up;synthesize;En Guantes;Planificador;Funcionalidad;Funcionario;proyecto;Murcia;../fake-data/blob/hipster.png;image/png;../fake-data/blob/hipster.png;image/png;value-added generate;portals portals;Mascotas
10;Pula Desarrollador;Morado Ingeniero state;Chalet;viral Técnico;Oficial;de quantifying Explanada;parse Baleares;Administrador invoice models;Czech conocimiento PCI;sistema reboot;../fake-data/blob/hipster.png;image/png;../fake-data/blob/hipster.png;image/png;invoice;Plástico;Pescado Coche
